INSERT INTO dbtokopaedi.location (location_province, location_regency, location_sub_district, urban_district, location_postal_code)
VALUES 
('DKI_Jakarta', 'jakarta_barat', 'cengkareng', 'cengkareng_barat', '11730'),
('DKI_Jakarta', 'jakarta_barat', 'cengkareng', 'cengkareng_timur', '11730'),
('DKI_Jakarta', 'jakarta_timur', 'kramatjati', 'bale_kambang', '13530'),
('DKI_Jakarta', 'jakarta_timur', 'jatinegara', 'bali_mester', '13310'),
('DKI_Jakarta', 'jakarta_utara', 'pademangan', 'ancol', '11430'),
('DKI_Jakarta', 'jakarta_utara', 'cilincing', 'cilincing', '14120'),
('DKI_Jakarta', 'jakarta_pusat', 'tanah abang', 'bendungan hilir', '10210'),
('DKI_Jakarta', 'jakarta_pusat', 'senen', 'bungur', '10460'),
('DKI_Jakarta', 'jakarta_selatan', 'mampang prapatan', 'bangka', '12730'),
('DKI_Jakarta', 'jakarta_selatan', 'pesanggrahan', 'bintaro', '12330'),
('Jawa_barat', 'bogor', 'tanjung_sari', 'antajaya', '16841'),
('Jawa_barat', 'bogor', 'cigudeg', 'argapura', '16660'),
('Jawa_barat', 'bandung', 'bandung_wetan', 'citarum', '40115'),
('Jawa_barat', 'bandung', 'bandung_wetan', 'cihapit', '40114'),
('Jawa_barat', 'bandung', 'bandung_wetan', 'tamansari', '40116'),
('Jawa_barat', 'bandung', 'cangkuang', 'bandasari', '40238'),
('Jawa_timur', 'surabaya', 'gubeng', 'airlangga', '60286'),
('Jawa_timur', 'surabaya', 'bubutan', 'alun_contong', '60174'),
('Jawa_timur', 'surabaya', 'semampir', 'ampel', '60151'),
('Jawa_timur', 'surabaya', 'asem_rowo', 'asem_rowo', '60182');

INSERT INTO dbtokopaedi.shipping_method (shipping_method_name, shipping_method_cost) VALUES
('JNE', 3000),
('TIKI', 3000),
('PosIndonesia', 5500),
('Gojek', 9000),
('Grab', 11000),
('Maxim', 5000),
('AnterAja', 3000),
('Wahana', 9000),
('LionParcel', 7500),
('Sicepat', 3000),
('J&T', 2500),
('NinjaExpress', 7800),
('IndahCargo', 9600);

INSERT INTO dbtokopaedi.payment_method (payment_method_type, payment_method_name, payment_method_account_number, payment_method_fee) VALUES
('cash', 'tunai', NULL, 0),
('debit_card', 'visa_debit', NULL, 0),
('debit_card', 'mastercard_debit', NULL, 0),
('virtual_account', 'virtual_account_mandiri', '9999121201', 2500),
('virtual_account', 'virtual_account_bca', '9999121202', 2500),
('bank_transfer', 'bank_transfer_mandiri', '8888121201', 6500),
('bank_transfer', 'bank_transfer_bca', '8888121202', 6500);

INSERT INTO dbtokopaedi.product_category (product_category_id, product_category_name) VALUES
(1, 'baju'),
(2, 'bola'),
(3, 'aksesoris'),
(4, 'jaket'),
(5, 'jersey'),
(6, 'kacamata'),
(7, 'peralatan_olahraga'),
(8, 'raket'),
(9, 'sepatu');

INSERT INTO dbtokopaedi.product_sub_category (product_category_id, product_sub_category_name) VALUES
(1, 'Baju basket'),
(1, 'Baju renang'),
(2, 'Bola ping pong'),
(2, 'Bola tenis'),
(2, 'Bola voli'),
(3, 'Handuk kecil'),
(3, 'Headband'),
(3, 'Helm sepeda'),
(4, 'Jaket olahraga'),
(3, 'Jam tangan olahraga'),
(1, 'Jersey badminton'),
(1, 'Jersey bola'),
(1, 'Jersey golf'),
(1, 'Jersey lari'),
(1, 'Jersey tenis'),
(6, 'Kacamata lari'),
(6, 'Kacamata renang'),
(6, 'Kacamata sepeda'),
(1, 'Kaos bola'),
(3, 'Lampu sepeda'),
(3, 'Matras yoga'),
(7, 'Meja tennis'),
(7, 'Pelindung tinju'),
(7, 'Punching bag'),
(8, 'Raket badminton'),
(8, 'Raket tenis'),
(3, 'Sarung tangan golf'),
(9, 'Sepatu golf'),
(9, 'Sepatu lari'),
(9, 'Sepatu tenis'),
(7, 'Stick golf');


INSERT INTO dbtokopaedi.user (user_first_name, user_last_name, user_address, user_phone, user_username, user_password, user_email, location_id) VALUES
('michael', 'jordan', 'Jalan Mangga 23', '628621612001', 'id_michaelj', '123michael', 'michaelj@binus.ac.id', 5),
('decade', 'decade', 'Jalan Jeruk 15', '628621612002', 'id_decaded', '123decade', 'decaded@binus.ac.id', 7),
('agito', 'agito', 'Jalan Apel 7', '628621612003', 'id_agitoa', '123agito', 'agitoa@binus.ac.id', 12),
('kuuga', 'kuuga', 'Jalan Anggur 42', '628621612004', 'id_kuugak', '123kuuga', 'kuugak@binus.ac.id', 11),
('allen', 'iverson', 'Jalan Kelapa 11', '628621612005', 'id_alleni', '123allen', 'alleni@binus.ac.id', 8),
('julis', 'erving', 'Jalan Durian 5', '628621612006', 'id_julise', '123julis', 'julise@binus.ac.id', 18),
('charles', 'barkley', 'Jalan Ayam 29', '628621612007', 'id_charlesb', '123charles', 'charlesb@binus.ac.id', 16),
('kareem', 'abduljabbar', 'Jalan Kucing 36', '628621612008', 'id_kareema', '123kareem', 'kareema@binus.ac.id', 19),
('john', 'doe', 'Jalan Nanas 18', '628621612009', 'id_johnd', '123john', 'johnd@binus.ac.id', 3),
('william', 'bruce', 'Jalan Belimbing 20', '628621612010', 'id_williamb', '123william', 'williamb@binus.ac.id', 14),
('steve', 'bruce', 'Jalan Pisang 3', '628621612011', 'id_steveb', '123steve', 'steveb@binus.ac.id', 13),
('alan', 'shearer', 'Jalan Kambing 45', '628621612012', 'id_alans', '123alan', 'alans@binus.ac.id', 20),
('peter', 'beardsley', 'Jalan Stroberi 8', '628621612013', 'id_peterb', '123peter', 'peterb@binus.ac.id', 12),
('thibaut', 'courtois', 'Jalan Angsa 12', '628621612014', 'id_thibautc', '123thibaut', 'thibautc@binus.ac.id', 9),
('erling', 'haaland', 'Jalan Jeruk 33', '628621612015', 'id_erlingh', '123erling', 'erlingh@binus.ac.id', 15),
('callum', 'wilson', 'Jalan Apel 14', '628621612016', 'id_callumw', '123callum', 'callumw@binus.ac.id', 6),
('javier', 'zanetti', 'Jalan Mangga 22', '628621612017', 'id_javierz', '123javier', 'javierz@binus.ac.id', 9),
('christian', 'vieri', 'Jalan Kelinci 9', '628621612018', 'id_christianv', '123christian', 'christianv@binus.ac.id', 3),
('eden', 'hazard', 'Jalan Salak 17', '628621612019', 'id_edenh', '123eden', 'edenh@binus.ac.id', 4),
('juan', 'mata', 'Jalan Kuda 26', '628621612020', 'id_juanm', '123juan', 'juanm@binus.ac.id', 10),
('dennis', 'wise', 'Jalan Durian 4', '628621612021', 'id_dennisw', '123dennis', 'dennisw@binus.ac.id', 5),
('willian', 'silva', 'Jalan Kelapa 5', '628621612022', 'id_willians', '123willian', 'willians@binus.ac.id', 15),
('bruno', 'fernandes', 'Jalan Jeruk 31', '628621612023', 'id_brunof', '123bruno', 'brunof@binus.ac.id', 20),
('luke', 'shaw', 'Jalan Nanas 48', '628621612024', 'id_lukes', '123luke', 'lukes@binus.ac.id', 4),
('harry', 'maguire', 'Jalan Anggur 10', '628621612025', 'id_harrym', '123harry', 'harrym@binus.ac.id', 6),
('robert', 'deniro', 'Jalan Kucing 19', '628621612026', 'id_robertd', '123robert', 'robertd@binus.ac.id', 5),
('al', 'pacino', 'Jalan Pisang 27', '628621612027', 'id_alp', '123al', 'alp@binus.ac.id', 7),
('marlon', 'brando', 'Jalan Ayam 13', '628621612028', 'id_marlonb', '123marlon', 'marlonb@binus.ac.id', 15),
('diane', 'keaton', 'Jalan Belimbing 6', '628621612029', 'id_dianek', '123diane', 'dianek@binus.ac.id', 5),
('john', 'cazale', 'Jalan Stroberi 37', '628621612030', 'id_johnc', '123john', 'johnc@binus.ac.id', 5),
('joe', 'pesci', 'Jalan Jeruk 2', '628621612031', 'id_joep', '123joe', 'joep@binus.ac.id', 16),
('christian', 'bale', 'Jalan Mangga 41', '628621612032', 'id_christianb', '123christian', 'christianb@binus.ac.id', 6),
('cillian', 'murphy', 'Jalan Kambing 25', '628621612033', 'id_cillianm', '123cillian', 'cillianm@binus.ac.id', 19),
('katie', 'holmes', 'Jalan Apel 16', '628621612034', 'id_katieh', '123katie', 'katieh@binus.ac.id', 16),
('michael', 'caine', 'Jalan Durian 30', '628621612035', 'id_michaelc', '123michael', 'michaelc@binus.ac.id', 2),
('liam', 'neeson', 'Jalan Kelinci 44', '628621612036', 'id_liamn', '123liam', 'liamn@binus.ac.id', 7),
('gary', 'oldman', 'Jalan Salak 28', '628621612037', 'id_garyo', '123gary', 'garyo@binus.ac.id', 2),
('morgan', 'freeman', 'Jalan Nanas 49', '628621612038', 'id_morganf', '123morgan', 'morganf@binus.ac.id', 12),
('jim', 'carrey', 'Jalan Kuda 23', '628621612039', 'id_jimc', '123jim', 'jimc@binus.ac.id', 8),
('kate', 'winslet', 'Jalan Angsa 11', '628621612040', 'id_katew', '123kate', 'katew@binus.ac.id', 13),
('kirsten', 'dunst', 'Jalan Kelapa 39', '628621612041', 'id_kirstend', '123kirsten', 'kirstend@binus.ac.id', 15),
('elijah', 'wood', 'Jalan Jeruk 4', '628621612042', 'id_elijahw', '123elijah', 'elijahw@binus.ac.id', 9),
('mark', 'ruffalo', 'Jalan Mangga 29', '628621612043', 'id_markr', '123mark', 'markr@binus.ac.id', 17),
('jennifer', 'garner', 'Jalan Ayam 7', '628621612044', 'id_jenniferg', '123jennifer', 'jenniferg@binus.ac.id', 20),
('owen', 'wilson', 'Jalan Kucing 35', '628621612045', 'id_owenw', '123owen', 'owenw@binus.ac.id', 4),
('bill', 'murray', 'Jalan Stroberi 21', '628621612046', 'id_billm', '123bill', 'billm@binus.ac.id', 18),
('ben', 'stiller', 'Jalan Pisang 1', '628621612047', 'id_bens', '123ben', 'bens@binus.ac.id', 1),
('gene', 'hackman', 'Jalan Belimbing 47', '628621612048', 'id_geneh', '123gene', 'geneh@binus.ac.id', 1),
('gwyneth', 'platrow', 'Jalan Durian 38', '628621612049', 'id_gwynethp', '123gwyneth', 'gwynethp@binus.ac.id', 10),
('alec', 'baldwin', 'Jalan Nanas 12', '628621612050', 'id_alecb', '123alec', 'alecb@binus.ac.id', 10),
('orlando', 'bloom', 'Jalan Jeruk 8', '628621612051', 'id_orlandob', '123orlando', 'orlandob@binus.ac.id', 7),
('cate', 'blanchett', 'Jalan Mangga 14', '628621612052', 'id_cateb', '123cate', 'cateb@binus.ac.id', 3),
('ian', 'mckellen', 'Jalan Kelinci 22', '628621612053', 'id_ianm', '123ian', 'ianm@binus.ac.id', 18),
('viggo', 'mortensen', 'Jalan Pisang 19', '628621612054', 'id_viggom', '123viggo', 'viggom@binus.ac.id', 6),
('martin', 'freeman', 'Jalan Ayam 46', '628621612055', 'id_martinf', '123martin', 'martinf@binus.ac.id', 11),
('benedict', 'cumberbatch', 'Jalan Kuda 9', '628621612056', 'id_benedictc', '123benedict', 'benedictc@binus.ac.id', 16),
('hugh', 'jackman', 'Jalan Salak 33', '628621612057', 'id_hughj', '123hugh', 'hughj@binus.ac.id', 14),
('patrick', 'stewart', 'Jalan Angsa 5', '628621612058', 'id_patricks', '123patrick', 'patricks@binus.ac.id', 13),
('william', 'shatner', 'Jalan Kuda 14', '628621612059', 'id_williams', '123william', 'williams@binus.ac.id', 17),
('leonard', 'nimoy', 'Jalan Stroberi 20', '628621612060', 'id_leonardn', '123leonard', 'leonardn@binus.ac.id', 8),
('johnny', 'depp', 'Jalan Nanas 37', '628621612061', 'id_johnnyd', '123johnny', 'johnnyd@binus.ac.id', 15),
('angelina', 'jolie', 'Jalan Kelapa 29', '628621612062', 'id_angelinaj', '123angelina', 'angelinaj@binus.ac.id', 5),
('tom', 'cruise', 'Jalan Anggur 6', '628621612063', 'id_tomc', '123tom', 'tomc@binus.ac.id', 9),
('cameron', 'diaz', 'Jalan Pisang 37', '628621612064', 'id_camerond', '123cameron', 'camerond@binus.ac.id', 12),
('arnold', 'schwarzenegger', 'Jalan Ayam 24', '628621612065', 'id_arnolds', '123arnold', 'arnolds@binus.ac.id', 7),
('sylvester', 'stallone', 'Jalan Jeruk 13', '628621612066', 'id_sylvesters', '123sylvester', 'sylvesters@binus.ac.id', 11),
('bruce', 'willis', 'Jalan Stroberi 16', '628621612067', 'id_brucew', '123bruce', 'brucew@binus.ac.id', 14),
('christian', 'slater', 'Jalan Mangga 18', '628621612068', 'id_christians', '123christian', 'christians@binus.ac.id', 10),
('steven', 'spielberg', 'Jalan Kuda 27', '628621612069', 'id_stevens', '123steven', 'stevens@binus.ac.id', 20),
('francis', 'coppola', 'Jalan Apel 9', '628621612070', 'id_francisc', '123francis', 'francisc@binus.ac.id', 18),
('martin', 'scorsese', 'Jalan Kucing 23', '628621612071', 'id_martins', '123martin', 'martins@binus.ac.id', 1),
('quentin', 'tarantino', 'Jalan Anggur 3', '628621612072', 'id_quentint', '123quentin', 'quentint@binus.ac.id', 12),
('christopher', 'nolan', 'Jalan Kelinci 18', '628621612073', 'id_christophern', '123christopher', 'christophern@binus.ac.id', 19),
('ridley', 'scott', 'Jalan Salak 4', '628621612074', 'id_ridleys', '123ridley', 'ridleys@binus.ac.id', 17),
('steve', 'mcqueen', 'Jalan Nanas 9', '628621612075', 'id_stevem', '123steve', 'stevem@binus.ac.id', 3),
('james', 'cameron', 'Jalan Pisang 2', '628621612076', 'id_jamesc', '123james', 'jamesc@binus.ac.id', 9),
('guillermo', 'del toro', 'Jalan Ayam 11', '628621612077', 'id_guillermot', '123guillermo', 'guillermot@binus.ac.id', 5),
('alfonso', 'cuaron', 'Jalan Stroberi 42', '628621612078', 'id_alfonsoc', '123alfonso', 'alfonsoc@binus.ac.id', 8),
('peter', 'jackson', 'Jalan Jeruk 17', '628621612079', 'id_peterj', '123peter', 'peterj@binus.ac.id', 10),
('bong', 'joonho', 'Jalan Apel 36', '628621612080', 'id_bongj', '123bong', 'bongj@binus.ac.id', 13),
('martin', 'mcdonagh', 'Jalan Kelapa 40', '628621612081', 'id_martinm', '123martin', 'martinm@binus.ac.id', 14),
('ethan', 'coen', 'Jalan Anggur 22', '628621612082', 'id_ethanc', '123ethan', 'ethanc@binus.ac.id', 1),
('joel', 'coen', 'Jalan Kelinci 7', '628621612083', 'id_joelc', '123joel', 'joelc@binus.ac.id', 14),
('christopher', 'guest', 'Jalan Stroberi 33', '628621612084', 'id_christopherg', '123christopher', 'christopherg@binus.ac.id', 7),
('james', 'mangold', 'Jalan Durian 21', '628621612085', 'id_jamesm', '123james', 'jamesm@binus.ac.id', 12),
('david', 'fincher', 'Jalan Mangga 27', '628621612086', 'id_davidf', '123david', 'davidf@binus.ac.id', 19),
('michael', 'bay', 'Jalan Kuda 5', '628621612087', 'id_michaelb', '123michael', 'michaelb@binus.ac.id', 9),
('george', 'miller', 'Jalan Ayam 39', '628621612088', 'id_georgem', '123george', 'georgem@binus.ac.id', 15),
('ron', 'howard', 'Jalan Jeruk 18', '628621612089', 'id_ronh', '123ron', 'ronh@binus.ac.id', 20),
('christopher', 'nolan', 'Jalan Stroberi 5', '628621612090', 'id_christophern', '123christopher', 'christophern@binus.ac.id', 6),
('joss', 'whedon', 'Jalan Apel 30', '628621612091', 'id_joss', '123joss', 'joss@binus.ac.id', 3),
('joseph', 'kahn', 'Jalan Durian 44', '628621612092', 'id_josephk', '123joseph', 'josephk@binus.ac.id', 13),
('ava', 'duvernay', 'Jalan Mangga 1', '628621612093', 'id_avad', '123ava', 'avad@binus.ac.id', 17),
('ryan', 'coogler', 'Jalan Kelinci 32', '628621612094', 'id_ryanc', '123ryan', 'ryanc@binus.ac.id', 8),
('patty', 'jenkins', 'Jalan Anggur 19', '628621612095', 'id_pattyj', '123patty', 'pattyj@binus.ac.id', 4),
('sam', 'mendes', 'Jalan Kelapa 43', '628621612096', 'id_samm', '123sam', 'samm@binus.ac.id', 7),
('damien', 'chazelle', 'Jalan Kuda 40', '628621612097', 'id_damienc', '123damien', 'damienc@binus.ac.id', 2),
('jordan', 'peele', 'Jalan Durian 28', '628621612098', 'id_jordanp', '123jordan', 'jordanp@binus.ac.id', 10),
('barry', 'jenkins', 'Jalan Mangga 26', '628621612099', 'id_barryj', '123barry', 'barryj@binus.ac.id', 15),
('james', 'gray', 'Jalan Stroberi 10', '628621612100', 'id_jamesg', '123james', 'jamesg@binus.ac.id', 14),
('paul', 'thomas anderson', 'Jalan Ayam 37', '628621612101', 'id_pault', '123paul', 'pault@binus.ac.id', 6),
('michael', 'haneke', 'Jalan Jeruk 29', '628621612102', 'id_michaelh', '123michael', 'michaelh@binus.ac.id', 11),
('lars', 'von trier', 'Jalan Apel 22', '628621612103', 'id_larsv', '123lars', 'larsv@binus.ac.id', 10),
('gaspar', 'noe', 'Jalan Durian 15', '628621612104', 'id_gasparn', '123gaspar', 'gasparn@binus.ac.id', 5),
('terrence', 'malick', 'Jalan Mangga 2', '628621612105', 'id_terrencem', '123terrence', 'terrencem@binus.ac.id', 16),
('david', 'lynch', 'Jalan Kelinci 12', '628621612106', 'id_davidl', '123david', 'davidl@binus.ac.id', 19),
('stanley', 'kubrick', 'Jalan Pisang 8', '628621612107', 'id_stanleyk', '123stanley', 'stanleyk@binus.ac.id', 20),
('alfred', 'hitchcock', 'Jalan Salak 16', '628621612108', 'id_alfredh', '123alfred', 'alfredh@binus.ac.id', 8),
('quentin', 'tarantino', 'Jalan Kuda 25', '628621612109', 'id_quentint', '123quentin', 'quentint@binus.ac.id', 6),
('martin', 'scorsese', 'Jalan Stroberi 14', '628621612110', 'id_martins', '123martin', 'martins@binus.ac.id', 4),
('christopher', 'nolan', 'Jalan Ayam 9', '628621612111', 'id_christophern', '123christopher', 'christophern@binus.ac.id', 9),
('steven', 'spielberg', 'Jalan Jeruk 34', '628621612112', 'id_stevens', '123steven', 'stevens@binus.ac.id', 12),
('francis', 'ford coppola', 'Jalan Mangga 19', '628621612113', 'id_francisf', '123francis', 'francisf@binus.ac.id', 17),
('clint', 'eastwood', 'Jalan Kelinci 16', '628621612114', 'id_clinte', '123clint', 'clinte@binus.ac.id', 11),
('ridley', 'scott', 'Jalan Pisang 3', '628621612115', 'id_ridleys', '123ridley', 'ridleys@binus.ac.id', 15),
('martin', 'scorsese', 'Jalan Salak 47', '628621612116', 'id_martins', '123martin', 'martins@binus.ac.id', 2),
('francis', 'ford coppola', 'Jalan Kuda 17', '628621612117', 'id_francisf', '123francis', 'francisf@binus.ac.id', 1),
('steven', 'spielberg', 'Jalan Durian 24', '628621612118', 'id_stevens', '123steven', 'stevens@binus.ac.id', 18),
('christopher', 'nolan', 'Jalan Mangga 43', '628621612119', 'id_christophern', '123christopher', 'christophern@binus.ac.id', 7),
('francis', 'ford coppola', 'Jalan Kelinci 32', '628621612120', 'id_francisf', '123francis', 'francisf@binus.ac.id', 3);

INSERT INTO dbtokopaedi.product_detail (product_sub_category_id, product_stock, product_name, product_price, product_image) VALUES
(1, 34, 'baju_basket_laki_laki', 109000, '/imageslocation/images/1.jpg'),
(1, 43, 'baju_basket_perempuan', 100700, '/imageslocation/images/2.jpg'),
(2, 45, 'baju_renang_laki_laki', 65000, '/imageslocation/images/3.jpg'),
(2, 34, 'baju_renang_perempuan', 123000, '/imageslocation/images/4.jpg'),
(3, 23, 'bola_pingpong_competition', 125000, '/imageslocation/images/5.jpg'),
(3, 45, 'bola_pingpong_training', 125000, '/imageslocation/images/6.jpg'),
(4, 64, 'bola_tenis_100gram', 78000, '/imageslocation/images/7.jpg'),
(4, 43, 'bola_tenis_200gram', 130000, '/imageslocation/images/8.jpg'),
(5, 67, 'bola_voli_250_gr', 71400, '/imageslocation/images/9.jpg'),
(5, 56, 'bola_voli_280_gr', 109000, '/imageslocation/images/10.jpg'),
(6, 23, 'handuk_microfiber', 100000, '/imageslocation/images/11.jpg'),
(6, 43, 'handuk_suede', 125000, '/imageslocation/images/12.jpg'),
(7, 64, 'headband_laki_laki', 78000, '/imageslocation/images/13.jpg'),
(7, 34, 'head_band_perempuan', 130000, '/imageslocation/images/14.jpg'),
(8, 56, 'helm_sepeda_gunung', 100000, '/imageslocation/images/15.jpg'),
(8, 45, 'helm_sepeda_bmx', 100000, '/imageslocation/images/16.jpg'),
(9, 29, 'jaket_running', 100000, '/imageslocation/images/17.jpg'),
(9, 53, 'jaket_cycling', 100000, '/imageslocation/images/18.jpg'),
(10, 56, 'jam_tangan_olahraga_digital', 100000, '/imageslocation/images/19.jpg'),
(10, 34, 'jam_tangan_heart_rate_monitor', 100000, '/imageslocation/images/20.jpg'),
(10, 24, 'jam_tangan_olahraga_analog', 100000, '/imageslocation/images/21.jpg'),
(11, 34, 'jersey_badminton_adidas_laki_laki', 100000, '/imageslocation/images/22.jpg'),
(11, 24, 'jersey_badminton_nike_laki_laki', 100000, '/imageslocation/images/23.jpg'),
(11, 26, 'jersey_badminton_puma_laki_laki', 125000, '/imageslocation/images/24.jpg'),
(11, 34, 'jersey_badminton_adidas_perempuan', 100000, '/imageslocation/images/25.jpg'),
(11, 24, 'jersey_badminton_nike_perempuan', 100000, '/imageslocation/images/26.jpg'),
(11, 26, 'jersey_badminton_puma_perempuan', 125000, '/imageslocation/images/27.jpg'),
(12, 64, 'jersey_bola_adidas', 150000, '/imageslocation/images/28.jpg'),
(12, 34, 'jersey_bola_puma', 150000, '/imageslocation/images/29.jpg'),
(12, 34, 'jersey_bola_nike', 150000, '/imageslocation/images/30.jpg'),
(13, 23, 'jersey_golf_titleis_laki_laki', 125000, '/imageslocation/images/31.jpg'),
(13, 45, 'jersey_golf_nike_laki_laki', 150000, '/imageslocation/images/32.jpg'),
(13, 38, 'jersey_golf_oakley_laki_laki', 150000, '/imageslocation/images/33.jpg'),
(13, 23, 'jersey_golf_titleis_perempuan', 125000, '/imageslocation/images/34.jpg'),
(13, 45, 'jersey_golf_nike_perempuan', 150000, '/imageslocation/images/35.jpg'),
(13, 38, 'jersey_golf_oakley_perempuan', 150000, '/imageslocation/images/36.jpg'),
(14, 34, 'jersey_lari_asics_laki_laki', 109000, '/imageslocation/images/37.jpg'),
(14, 23, 'jersey_lari_adidas_laki_laki', 100700, '/imageslocation/images/38.jpg'),
(14, 43, 'jersey_lari_puma_laki_laki', 103200, '/imageslocation/images/39.jpg'),
(14, 34, 'jersey_lari_asics_perempuan', 109000, '/imageslocation/images/40.jpg'),
(14, 23, 'jersey_lari_adidas_perempuan', 100700, '/imageslocation/images/41.jpg'),
(14, 43, 'jersey_lari_puma_perempuan', 103200, '/imageslocation/images/42.jpg'),
(15, 34, 'jersey_tenis_lacoste_laki_laki', 180000, '/imageslocation/images/43.jpg'),
(15, 56, 'jersey_tenis_lacoste_perempuan', 150000, '/imageslocation/images/44.jpg'),
(15, 60, 'jersey_tenis_adidas_laki_laki', 180000, '/imageslocation/images/45.jpg'),
(15, 40, 'jersey_tenis_adidas_perempuan', 150000, '/imageslocation/images/46.jpg'),
(16, 34, 'kacamata_lari_oakley', 100000, '/imageslocation/images/47.jpg'),
(16, 34, 'kacamata_lari_adidas', 100000, '/imageslocation/images/48.jpg'),
(17, 45, 'kacamata_renang_laki_laki', 103200, '/imageslocation/images/49.jpg'),
(17, 65, 'kacamata_renang_perempuan', 100000, '/imageslocation/images/50.jpg'),
(18, 54, 'kacamata_sepeda_oakley', 100700, '/imageslocation/images/51.jpg'),
(18, 42, 'kacamata_sepeda_tifosi_optic', 103200, '/imageslocation/images/52.jpg'),
(19, 12, 'kaos_bola_adidas_laki_laki', 80000, '/imageslocation/images/53.jpg'),
(19, 66, 'kaos_bola_adidas_perempuan', 75000, '/imageslocation/images/54.jpg'),
(19, 20, 'kaos_bola_nike_laki_laki', 80000, '/imageslocation/images/55.jpg'),
(19, 20, 'kaos_bola_nike_perempuan', 75000, '/imageslocation/images/56.jpg'),
(19, 18, 'kaos_bola_puma_laki_laki', 80000, '/imageslocation/images/57.jpg'),
(19, 18, 'kaos_bola_puma_perempuan', 75000, '/imageslocation/images/58.jpg'),
(20, 34, 'lampu_sepeda_depan_led', 150000, '/imageslocation/images/59.jpg'),
(20, 23, 'lampu_sepeda_brake', 150000, '/imageslocation/images/60.jpg'),
(21, 12, 'matras_yoga_manduka', 123000, '/imageslocation/images/61.jpg'),
(21, 34, 'matras_yoga_liforme', 78000, '/imageslocation/images/62.jpg'),
(21, 43, 'matras_yoga_jade', 130000, '/imageslocation/images/63.jpg'),
(22, 65, 'meja_tenis_lipat', 109000, '/imageslocation/images/64.jpg'),
(22, 98, 'meja_tenis_fixed', 100700, '/imageslocation/images/65.jpg'),
(22, 76, 'meja_tenis_mini', 103200, '/imageslocation/images/66.jpg'),
(23, 36, 'pelindung_tinju_kepala', 123000, '/imageslocation/images/67.jpg'),
(23, 20, 'pelindung_tinju_dada', 100000, '/imageslocation/images/68.jpg'),
(23, 20, 'pelindung_tinju_tangan', 100000, '/imageslocation/images/69.jpg'),
(24, 54, 'punching_bag_10_ons', 130000, '/imageslocation/images/70.jpg'),
(24, 42, 'punching_bag_60_ons', 127000, '/imageslocation/images/71.jpg'),
(24, 35, 'punching_bag_100_ons', 145000, '/imageslocation/images/72.jpg'),
(24, 23, 'punching_bag_200_pons', 150000, '/imageslocation/images/73.jpg'),
(25, 40, 'raket_badminton_yonex', 180000, '/imageslocation/images/74.jpg'),
(25, 34, 'raket_badminton_carlton', 140000, '/imageslocation/images/75.jpg'),
(25, 35, 'raket_badminton_li_ning', 130000, '/imageslocation/images/76.jpg'),
(25, 24, 'raket_badminton_victor', 130000, '/imageslocation/images/77.jpg'),
(25, 28, 'raket_badminton_black_knight', 180000, '/imageslocation/images/78.jpg'),
(25, 30, 'raket_badminton_ashway', 150000, '/imageslocation/images/79.jpg'),
(26, 45, 'raket_tenis_wilson', 190000, '/imageslocation/images/80.jpg'),
(26, 35, 'raket_tenis_babolat', 135000, '/imageslocation/images/81.jpg'),
(26, 36, 'raket_tenis_prince', 145000, '/imageslocation/images/82.jpg'),
(26, 27, 'raket_tenis_head', 155000, '/imageslocation/images/83.jpg'),
(27, 67, 'stick_golf_titleist_chipper', 190000, '/imageslocation/images/84.jpg'),
(28, 34, 'sepatu_golf_adidas_laki_laki', 150000, '/imageslocation/images/85.jpg'),
(28, 23, 'sepatu_golf_adidas_perempuan', 150000, '/imageslocation/images/86.jpg'),
(28, 30, 'sepatu_golf_footjoy_laki_laki', 150000, '/imageslocation/images/87.jpg'),
(28, 30, 'sepatu_golf_footjoy_perempuan', 150000, '/imageslocation/images/88.jpg'),
(29, 33, 'sepatu_lari_adidas_laki_laki', 100000, '/imageslocation/images/89.jpg'),
(29, 14, 'sepatu_lari_adidas_perempuan', 100000, '/imageslocation/images/90.jpg'),
(29, 20, 'sepatu_lari_nike_laki_laki', 100000, '/imageslocation/images/91.jpg'),
(29, 25, 'sepatu_lari_nike_perempuan', 100000, '/imageslocation/images/92.jpg'),
(30, 19, 'sepatu_tenis_wilson_laki_laki', 150000, '/imageslocation/images/93.jpg'),
(30, 15, 'sepatu_tenis_wilson_perempuan', 150000, '/imageslocation/images/94.jpg'),
(30, 23, 'sepatu_tenis_adidas_laki_laki', 150000, '/imageslocation/images/95.jpg'),
(30, 33, 'sepatu_tenis_adidas_perempuan', 150000, '/imageslocation/images/96.jpg'),
(31, 56, 'stick_golf_titleist_driver', 190000, '/imageslocation/images/97.jpg'),
(31, 41, 'stick_golf_titleist_fairway_wood', 195000, '/imageslocation/images/98.jpg'),
(31, 17, 'stick_golf_titleist_putter', 198000, '/imageslocation/images/99.jpg'),
(31, 35, 'stick_golf_titleist_wedge', 192000, '/imageslocation/images/100.jpg');

INSERT INTO dbtokopaedi.tr_order (date_purchase, date_shipping, quantity_item, total, user_id, product_detail_id, payment_method_id, shipping_method_id)
VALUES
('2020-01-01', '2020-01-03', 2, 221000, 1, 1, 1, 1),
('2020-01-01', '2020-01-03', 2, 253000, 1, 6, 3, 2),
('2020-01-01', '2020-01-03', 2, 223000, 2, 1, 3, 6),
('2020-01-01', '2020-01-03', 2, 223000, 4, 1, 3, 6),
('2020-01-02', '2020-01-04', 2, 221000, 3, 10, 3, 7),
('2020-01-02', '2020-01-04', 1, 126000, 98, 4, 3, 7),
('2020-01-02', '2020-01-04', 5, 508500, 65, 2, 3, 6),
('2020-01-02', '2020-01-04', 3, 330000, 34, 1, 3, 7),
('2020-01-02', '2020-01-04', 1, 114000, 23, 1, 3, 6),
('2020-01-02', '2020-01-04', 2, 203000, 18, 21, 3, 7),
('2020-01-03', '2020-01-05', 3, 200000, 17, 3, 3, 6),
('2020-01-03', '2020-01-05', 4, 439000, 73, 1, 3, 7),
('2020-01-03', '2020-01-05', 1, 70000, 45, 3, 3, 6),
('2020-01-03', '2020-01-05', 2, 221000, 76, 1, 3, 7),
('2020-01-03', '2020-01-05', 4, 405800, 82, 2, 3, 1),
('2020-01-03', '2020-01-05', 3, 305100, 22, 2, 3, 1),
('2020-01-04', '2020-01-06', 1, 103700, 26, 2, 3, 1),
('2020-01-04', '2020-01-06', 2, 203000, 1, 11, 3, 1),
('2020-01-04', '2020-01-06', 5, 503000, 6, 19, 3, 1),
('2020-01-04', '2020-01-06', 7, 884000, 3, 31, 3, 4),
('2020-01-04', '2020-01-06', 1, 134000, 9, 34, 3, 4),
('2020-01-04', '2020-01-06', 2, 263000, 7, 77, 3, 1),
('2020-01-04', '2020-01-06', 3, 234000, 54, 56, 3, 4),
('2020-01-04', '2020-01-06', 5, 903000, 57, 45, 3, 2),
('2020-01-05', '2020-01-07', 1, 130500, 87, 34, 3, 3),
('2020-01-05', '2020-01-07', 2, 401000, 43, 98, 3, 5),
('2020-01-05', '2020-01-07', 6, 1143000, 44, 97, 3, 1),
('2020-01-05', '2020-01-07', 3, 461000, 7, 96, 3, 5),
('2020-01-05', '2020-01-07', 1, 151000, 10, 75, 3, 5),
('2020-01-05', '2020-01-07', 2, 391000, 14, 84, 3, 5),
('2020-01-05', '2020-01-07', 6, 783000, 19, 63, 3, 1),
('2020-01-05', '2020-01-07', 2, 167000, 23, 13, 3, 5),
('2020-01-05', '2020-01-07', 1, 106200, 50, 52, 3, 2),
('2020-01-06', '2020-01-08', 4, 323000, 1, 53, 3, 2),
('2020-01-06', '2020-01-08', 6, 933000, 5, 83, 3, 2),
('2020-01-06', '2020-01-08', 7, 530000, 3, 56, 3, 6),
('2020-01-06', '2020-01-08', 1, 128000, 13, 34, 3, 7),
('2020-01-06', '2020-01-08', 2, 311000, 19, 87, 3, 5),
('2020-01-06', '2020-01-08', 4, 725500, 20, 45, 3, 3),
('2020-01-07', '2020-01-09', 1, 130000, 21, 12, 3, 6),
('2020-01-07', '2020-01-09', 2, 261000, 39, 5, 3, 5),
('2020-01-07', '2020-01-09', 3, 380000, 38, 4, 3, 5),
('2020-01-07', '2020-01-09', 1, 106200, 37, 2, 3, 3),
('2020-01-07', '2020-01-09', 2, 255500, 46, 5, 3, 3),
('2020-01-07', '2020-01-09', 1, 85500, 100, 55, 3, 3),
('2020-01-07', '2020-01-09', 1, 128000, 99, 4, 3, 6),
('2020-01-07', '2020-01-09', 3, 305000, 8, 92, 3, 6),
('2020-01-07', '2020-01-09', 1, 114000, 92, 1, 3, 6),
('2020-01-08', '2020-01-10', 3, 305100, 97, 2, 3, 2),
('2020-01-08', '2020-01-10', 1, 128000, 57, 34, 3, 7),
('2020-01-08', '2020-01-10', 7, 913000, 68, 76, 3, 1),
('2020-01-08', '2020-01-10', 1, 185500, 37, 45, 3, 3),
('2020-01-08', '2020-01-10', 2, 313000, 20, 83, 3, 1),
('2020-01-08', '2020-01-10', 4, 315000, 29, 13, 3, 7),
('2020-01-08', '2020-01-10', 1, 130000, 31, 34, 3, 6),
('2020-01-08', '2020-01-10', 2, 399000, 35, 99, 3, 7),
('2020-01-08', '2020-01-10', 3, 581000, 34, 100, 3, 6),
('2020-01-08', '2020-01-10', 1, 103000, 73, 18, 3, 7),
('2020-01-09', '2020-01-11', 2, 204400, 72, 2, 3, 1),
('2020-01-09', '2020-01-11', 1, 74400, 8, 9, 3, 1),
('2020-01-09', '2020-01-11', 1, 74400, 5, 9, 2, 1),
('2020-01-09', '2020-01-11', 3, 237000, 4, 13, 2, 1),
('2020-01-09', '2020-01-11', 1, 103700, 1, 51, 2, 1),
('2020-01-09', '2020-01-11', 3, 311100, 4, 2, 2, 4),
('2020-01-09', '2020-01-11', 1, 74000, 23, 3, 2, 4),
('2020-01-09', '2020-01-11', 7, 725400, 17, 66, 2, 1),
('2020-01-10', '2020-01-12', 1, 112200, 3, 66, 2, 4),
('2020-01-10', '2020-01-12', 2, 159000, 98, 54, 2, 4),
('2020-01-10', '2020-01-12', 4, 509000, 65, 34, 2, 4),
('2020-01-10', '2020-01-12', 1, 136000, 34, 12, 2, 5),
('2020-01-10', '2020-01-12', 2, 204400, 23, 51, 2, 1),
('2020-01-11', '2020-01-13', 3, 311000, 18, 25, 2, 5),
('2020-01-11', '2020-01-13', 1, 141000, 17, 76, 2, 5),
('2020-01-11', '2020-01-13', 2, 365500, 73, 45, 2, 3),
('2020-01-11', '2020-01-13', 1, 153000, 45, 44, 2, 1),
('2020-01-11', '2020-01-13', 1, 91000, 76, 55, 2, 5),
('2020-01-11', '2020-01-13', 3, 374000, 82, 4, 2, 6),
('2020-01-12', '2020-01-14', 1, 103000, 22, 92, 2, 1),
('2020-01-12', '2020-01-14', 3, 338000, 26, 1, 2, 5),
('2020-01-12', '2020-01-14', 1, 105700, 1, 2, 2, 6),
('2020-01-13', '2020-01-15', 7, 878000, 6, 34, 2, 7),
('2020-01-13', '2020-01-15', 1, 141000, 3, 76, 2, 5),
('2020-01-13', '2020-01-15', 2, 365000, 9, 45, 2, 6),
('2020-01-13', '2020-01-15', 4, 625000, 7, 83, 2, 6),
('2020-01-13', '2020-01-15', 1, 89000, 54, 13, 2, 5),
('2020-01-13', '2020-01-15', 2, 255000, 57, 34, 2, 6),
('2020-01-14', '2020-01-16', 3, 599000, 87, 99, 2, 6),
('2020-01-14', '2020-01-16', 1, 197000, 43, 100, 2, 6),
('2020-01-14', '2020-01-16', 2, 205000, 44, 18, 2, 6),
('2020-01-14', '2020-01-16', 1, 103700, 7, 2, 2, 7),
('2020-01-15', '2020-01-17', 1, 103000, 10, 92, 2, 7),
('2020-01-15', '2020-01-17', 3, 380000, 14, 27, 2, 6),
('2020-01-15', '2020-01-17', 7, 878000, 19, 34, 2, 7),
('2020-01-15', '2020-01-17', 1, 139000, 23, 76, 2, 4),
('2020-01-16', '2020-01-18', 2, 363000, 50, 45, 1, 1),
('2020-01-16', '2020-01-18', 4, 625500, 1, 83, 1, 3),
('2020-01-17', '2020-01-19', 1, 81000, 5, 13, 1, 7),
('2020-01-17', '2020-01-19', 2, 261000, 3, 34, 2, 5),
('2020-01-17', '2020-01-19', 3, 597000, 13, 99, 2, 7),
('2020-01-18', '2020-01-20', 1, 195000, 19, 100, 2, 1);